"sample","Individual","Disease","Experiment","Sex","DiseaseSubtype"
"sample_01","ID1","0","sample_01","F","0"
"sample_02","ID1","0","sample_02","F","0"
"sample_03","ID2","0","sample_03","M","0"
"sample_04","ID2","0","sample_04","M","0"
"sample_05","ID3","0","sample_05","F","0"
"sample_06","ID3","0","sample_06","F","0"
"sample_07","ID4","0","sample_07","M","0"
"sample_08","ID4","0","sample_08","M","0"
"sample_09","ID5","0","sample_09","F","0"
"sample_10","ID5","0","sample_10","F","0"
"sample_11","ID6","0","sample_11","M","0"
"sample_12","ID6","0","sample_12","M","0"
"sample_13","ID7","1","sample_13","F","1"
"sample_14","ID7","1","sample_14","F","1"
"sample_15","ID8","1","sample_15","M","1"
"sample_16","ID8","1","sample_16","M","1"
"sample_17","ID9","1","sample_17","F","1"
"sample_18","ID9","1","sample_18","F","1"
"sample_19","ID10","1","sample_19","M","2"
"sample_20","ID10","1","sample_20","M","2"
"sample_21","ID11","1","sample_21","F","2"
"sample_22","ID11","1","sample_22","F","2"
"sample_23","ID12","1","sample_23","M","2"
"sample_24","ID12","1","sample_24","M","2"
